processed_at,video_path,body_hands_visible_pct,body_wrist_speed_mean,body_wrist_speed_max,body_gesture_bursts_per_min,body_gesture_range,face_head_movement_mean,face_mouth_open_mean,face_brow_raise_pct,face_smile_pct,face_expressiveness_score
2026-10-06T01:35:25+00:00,videos/2026-09-10_7683717616942189837.mp4,19.310344827586206,0.24696476621483396,2.493568451988293,9.923384686134744,1.739512252199286,0.265367983543172,0.016952504532913377,44.927536231884055,47.987117552334944,0.10345605322331809
2026-10-06T01:36:21+00:00,videos/2026-09-10_7683721842460282126.mp4,82.95302013422818,0.3276694659248237,3.33572726589099,22.940331244404653,1.5987856044840891,0.512831541051385,0.029019657207336822,50.177304964539005,49.822695035460995,0.18327243803116086
2026-10-06T01:37:08+00:00,videos/2026-09-10_7683723836453375246.mp4,5.0233644859813085,0.2941600076837668,1.004591696102281,3.1522789248149587,1.1370691866512552,0.2273884474536272,0.04002943010050548,48.860759493670884,50.75949367088608,0.12902713504044233
2026-10-06T01:37:53+00:00,videos/2026-09-10_7683725307655769357.mp4,74.58033573141488,0.4783398583345678,4.963964679736663,22.648260695721714,2.2427924920694524,0.39378545801938275,0.031380306667135385,46.889952153110045,51.43540669856459,0.1545672819298408
2026-10-06T01:38:45+00:00,videos/2026-09-10_7683729759221697805.mp4,50.467289719626166,0.49608294824278415,3.4232904929552324,28.044291952588896,1.5756658434536015,0.14083099284643588,0.042762582308136,44.04432132963989,52.07756232686981,0.08125468773632569
2026-10-06T01:39:14+00:00,videos/2026-09-10_7683732038771412238.mp4,70.37735849056604,0.5754204225903473,4.239721880529623,27.15972309628697,1.9419058636073538,0.1665911963420888,0.05304761654279723,47.45762711864407,50.363196125908,0.09451518994297511
2026-10-06T01:39:47+00:00,videos/2026-09-10_7683742987116973326.mp4,76.44151565074135,0.6190229548284704,3.779379898272666,28.63690280065898,2.0199665076838724,0.19803220390471413,0.04102972621171622,46.567717996289424,48.42300556586271,0.09950941504465
2026-10-06T01:40:28+00:00,videos/2026-09-10_7683744854102330638.mp4,34.48275862068966,0.43135171962630736,2.1139589544095405,20.238362068965518,1.810619482349885,0.17161928148808453,0.03737658190879437,48.566610455311974,49.915682967959526,0.09007336545840164
2026-10-06T01:41:10+00:00,videos/2026-09-10_7683747347939036430.mp4,98.99159663865547,0.2312508599556744,2.893875183284467,25.18487394957983,1.1360452442317932,0.19364755119879512,0.019986754404286884,44.320297951582866,54.37616387337057,0.08696478858359777
2026-10-06T01:41:58+00:00,videos/2026-09-10_7683754386564140301.mp4,97.26205997392438,0.20296714343289785,3.35938762260478,17.59108695652174,1.1699285010142015,0.2119852739821562,0.011288485596210913,44.72891566265061,49.096385542168676,0.08169233983355317
